feature,feature,feature,feature,class
0.333333,0.666667,0.461538,0.533333,0
0.466667,0.277778,0.487179,0.333333,0
0.466667,0.444444,0.538462,0.333333,1
