feature,feature,feature,feature,class
0.444444,0.413793,0.644068,0.377778,0
0.555556,0.172414,0.661017,0.311111,0
0.555556,0.275862,0.694915,0.311111,1
